Населенный пункт,Locality,Код / Code,Справка / Teleref.
Авдеевка (Днц),Avdeevka (Dnts),6236,-
Аграрное (Крм),Agrarnoe (Crim),652,-
Аерофлотский (Крм),Aeroflotskiij (Crim),652,-
Азовское (Крм),Azovskoe (Crim),6564,-
Александрия (Крв),Aleksandrija (Krvg),5235,22474
Александровка (Днц),Aleksandrovka (Dnts),6269,21222
Александровка (Нк),Aleksandrovka (Nikv),5134,-
Александровка (Крв),Aleksandrovka (Krvg),5242,52222
Александровка (Днц),Aleksandrovka (Dnts),6264,-
Александровка (Од),Aleksandrovka (Odss),482,-
Алексеево-Дружковка (Днц),Alekseevo-Druzhkovka (Dnts),6267,-
Алупка (Крм),Alupka (Crim),654,-
Алушта (Крм),Alushta (Crim),6560,32222
Алчевск (Лг),Alchevsk (Lug),6442,22222
Амвросиевка (Днц),Amvrosievka (Dnts),6259,23090
Ананьев (Од),Ananev (Odss),4863,22292
Андреевка (Хрк),Andreevka (Hrkv),5749,-
Андреевка (Зп),Andreevka (Zapr),6153,-
Андреевка (Днц),Andreevka (Dnts),6262,-
Андреевка (Днц),Andreevka (Dnts),6256,-
Андрушевка (Жт),Andrushevka (Zhtm),4136,91222
Антонины (Хм),Antoniny (Hmln),3855,-
Антоновка (Хрс),Antonovka (Hers),5537,-
Антрацит (Лг),Antratsit (Lug),6431,32222
Апостоловое (Днп),Apostolovoe (Dnpr),5656,95533
Арбузинка (Нк),Arbuzinka (Nikv),5132,91222
Армянск (Крм),Armjansk (Crim),6567,32222
Артемовка (Пл),Artemovka (Polt),5347,-
Артемовск (Днц),Artemovsk (Dnts),6274,22222
Архангельское (Хрс),Arkhangelskoe (Hers),5535,-
Арциз (Од),Artsiz (Odss),4845,32292
Аскания-Нова (Хрс),Askanija-Nova (Hers),5538,-
Аулы (Днп),Auly (Dnpr),5617,-
Бабаи (Хрк),Babai (Hrkv),572,-
Бабинцы (Кв),Babintsy (Kiev),4477,-
Багеровое (Крм),Bagerovoe (Crim),6557,-
Базалия (Хм),Bazalija (Hmln),3844,-
Балабино (Зп),Balabino (Zapr),612,-
Балаклия (Хрк),Balaklija (Hrkv),5749,52222
Балта (Од),Balta (Odss),4866,22222
Бар (Вн),Bar (Vinn),43410,2222
Барановка (Жт),Baranovka (Zhtm),41444,2222
Барвинковое (Хрк),Barvinkovoe (Hrkv),5757,43011
Барышевка (Кв),Baryshevka (Kiev),4476,52222
Батурин (Чрг),Baturin (Chrng),4635,-
Бахмач (Чрг),Bakhmach (Chrng),4635,22222
Бахчисарай (Крм),Bakhchisaraij (Crim),6554,32222
Баштанка (Нк),Bashtanka (Nikv),5158,21222
Безлюдовка (Хрк),Bezljudovka (Hrkv),572,-
Белая Криница (Жт),Belaja Krinitsa (Zhtm),4132,-
Белая Криница (Хрс),Belaja Krinitsa (Hers),5532,-
Белая Церковь (Кв),Belaja Tserkov (Kiev),4463,52222
Белгород-Днестровский (Од),Belgorod-Dnestrovskiij (Odss),4849,25388
Беленькое (Днц),Belenkoe (Dnts),6264,-
Белз (Львив),Belz (Lvviv),3257,-
Белики (Пл),Beliki (Polt),5343,-
Белицкое (Днц),Belitskoe (Dnц),6277,-
Беловодск (Лг),Belovodsk (Lug),6466,91149
Белогорск (Крм),Belogorsk (Crim),6559,91222
Белогорье (Хм),Belogore (Hmln),3841,92222
Белозерка (Хрс),Belozerka (Hers),5547,22222
Белозерское (Днц),Belozerskoe (Dnts),6277,-
Белокамянск (Крм),Belokamjansk (Crim),692,-
Белокуракино (Лг),Belokurakino (Lug),6462,91101
Белолуцк (Лг),Belolutsk (Lug),6463,-
Белополье (Суми),Belopole (Sumi),5443,91515
Белый Колодец (Хрк),Belyij Kolodets (Hrkv),5741,-
Беляевка (Од),Beljaevka (Odss),4852,22222
Бердичев (Жт),Berdichev (Zhtm),4143,22222
Бердянск (Зп),Berdjansk (Zapr),6153,22222
Береговое (Зкр),Beregovoe (Zkrp),3141,23222
Береговое (Крм),Beregovoe (Crim),6554,-
Берегомет (Чрц),Beregomet (Chrnts),3730,-
Бережаны (Тр),Berezhany (Trnp),3548,22222
Березанка (Нк),Berezanka (Nikv),5153,91222
Березань (Кв),Berezan (Kiev),4476,-
Березна (Чрг),Berezna (Chrng),4644,-
Березнеговатое (Нк),Bereznegovatoe (Nikv),5168,91222
Березное (Од),Bereznoe (Odss),4847,-
Березное (Рв),Bereznoe (Rvn),3653,22222
Березовка (Од),Berezovka (Odss),4856,20022
Березовка (Хрк),Berezovka (Hrkv),572,-
Березолуки (Вл),Berezoluki (Voln),3368,-
Берестечко (Вл),Berestechko (Voln),3379,-
Берислав (Хрс),Berislav (Hers),5546,22222
Бершадь (Вн),Bershad (Vinn),4352,22222
Близнюки (Хрк),Bliznjuki (Hrkv),5754,52222
Бобринец (Крв),Bobrinets (Krvg),5257,31222
Бобровица (Чрг),Bobrovitsa (Chrng),4632,22222
Богодухов (Хрк),Bogodukhov (Hrkv),5758,22222
Богородчаны (ИФ),Bogorodchany (IvFr),3471,21222
Богуслав (Кв),Boguslav (Kiev),4461,51332
Болград (Од),Bolgrad (Odss),4846,22222
Болехов (ИФ),Bolekhov (IvFr),3477,-
Большая Александровка (Хрс),Bolshaja Aleksandrovka (Hers),5532,21287
Большая Багачка (Пл),Bolshaja Bagachka (Polt),5345,91362
Большая Белозерка (Зп),Bolshaja Belozerka (Zapr),6156,71222
Большая Корениха (Нк),Bolshaja Korenikha (Nikv),512,-
Большая Лепетиха (Хрс),Bolshaja Lepetikha (Hers),5543,22222
Большая Михайловка (Од),Bolshaja Mikhaijlovka (Odss),4859,21121
Большая Новоселка (Днц),Bolshaja Novoselka (Dnts),6243,91978
Большая Писаровка (См),Bolshaja Pisarovka (Sum),5457,51515
Большевцы (ИФ),Bolshevtsy (IvFr),3431,-
Большие Бирки (Тр),Bolshie Birki (Trnp),352,-
Большие Дедеркалы (Тр),Bolshie Dederkaly (Trnp),3558,-
Большие Мосты (Лв),Bolshie Mosty (Lvv),3257,-
Большой Березной (Зкр),Bolshoij Bereznoij (Zkrp),3135,22222
Большой Бурлук (Хрк),Bolshoij Burluk (Hrkv),5752,52222
Большой Глыбочок (Тр),Bolshoij Glybochok (Trnp),352,-
Большой Любень (Лв),Bolshoij Ljuben (Lvv),3231,-
Большые Коровинцы (Жт),Bolshye Korovintsy (Zhtm),4139,-
Борзна (Чрг),Borzna (Chrng),4653,22222
Борислав (Лв),Borislav (Lvv),3248,52210
Борисполь (Кв),Borispol (Kiev),4495,55599
Боровая (Кв),Borovaja (Kiev),4465,-
Боровая (Хрк),Borovaja (Hrkv),5759,61222
Бородино (Од),Borodino (Odss),4847,-
Бородянка (Кв),Borodjanka (Kiev),4477,52222
Борщев (Тр),Borschev (Trnp),3541,21222
Борыня (Лв),Borynja (Lvv),3269,-
Ботаническое (Крм),Botanicheskoe (Crim),654,-
Боярка (Кв),Bojarka (Kiev),4498,52222
Бражиное (Днц),Brazhinoe (Dnts),6256,-
Браилов (Вн),Brailov (Vinn),4332,-
Братское (Нк),Bratskoe (Nikv),5131,91222
Брацлав (Вн),Bratslav (Vinn),4331,-
Брилевка (Хрс),Brilevka (Hers),5542,-
Бровары (Кв),Brovary (Kiev),4494,52222
Броды (Лв),Brody (Lvv),3266,42222
Броницкая Гута (Жт),Bronitskaja Guta (Zhtm),4141,-
Брошнев-Осада (ИФ),Broshnev-Osada (IvFr),3474,-
Брусилов (Жт),Brusilov (Zhtm),4162,22222
Брюховичы (Лв),Brjukhovichy (Lvv),322,-
Брянка (Лг),Brjanka (Lug),6443,52222
Буды (Хрк),Budy (Hrkv),572,-
Букачевцы (ИФ),Bukachevtsy (IvFr),3435,-
Буки (Чрк),Buki (Chrk),4748,-
Бурштин (ИФ),Burshtin (IvFr),3438,43666
Бурынь (См),Buryn (Sum),5454,91515
Буск (Лв),Busk (Lvv),3264,21222
Буча (Кв),Bucha (Kiev),4497,-
Бучач (Тр),Buchach (Trnp),3544,22222
Бучманы (Жт),Buchmany (Zhtm),4135,-
Буштина (Зкр),Bushtina (Zkrp),3134,-
Быбрка (Лв),Bybrka (Lvv),3263,-
Быковка (Жт),Bykovka (Zhtm),4146,-
Валки (Хрк),Valki (Hrkv),5753,51222
Вапнярка (Вн),Vapnjarka (Vinn),4350,31062
Варва (Чрг),Varva (Chrng),4636,22222
Васильевка (Зп),Vasilevka (Zapr),6175,42222
Васильков (Кв),Vasilkov (Kiev),4471,51351
Васильковка (Днп),Vasilkovka (Dnpr),5639,91509
Васищевое (Хрк),Vasischevoe (Hrkv),572,-
Ватутино (Чрк),Vatutino (Chrk),4740,-
Вашкивцы (Чрц),Vashkivtsy (Chrц),3730,-
Введенка (Хрк),Vvedenka (Hrkv),5746,-
Великодолинское (Од),Velikodolinskoe (Odss),4851,-
Вендичаны (Вн),Vendichany (Vinn),4337,-
Вертиевка (Чрг),Vertievka (Chrng),4631,-
Верхнее Синевидное (Лв),Verkhnee Sinevidnoe (Lvv),3251,-
Верхний Рогачик (Хрс),Verkhniij Rogachik (Hers),5545,62222
Верхньоднепровск (Днп),Verkhnodneprovsk (Dnpr),5618,32222
Верхнячка (Чрк),Verkhnjachka (Chrk),4745,-
Верховина (ИФ),Verkhovina (IvFr),3432,22222
Верховцевое (Днп),Verkhovtsevoe (Dnpr),5618,-
Веселиновое (Нк),Veselinovoe (Nikv),5163,92222
Веселое (Зп),Veseloe (Zapr),6136,21222
Вийтивцы (Хм),Viijtivtsy (Hmln),3845,-
Вилковое (Од),Vilkovoe (Odss),4843,-
Вильча (Кв),Vilcha (Kiev),4492,-
Вильшана (Чрк),Vilshana (Chrk),4734,-
Вильшанка (Крв),Vilshanka (Krvg),5250,91222
Вильшаны (Хрк),Vilshany (Hrkv),5763,-
Винница,Vinnitsa,043”2”,9909111
Виноградное (Крм),Vinogradnoe (Crim),654,-
Виноградов (Зкр),Vinogradov (Zkrp),3143,22222
Виньковцы (Хм),Vinkovtsy (Hmln),3846,21222
Високополье (Хрс),Visokopole (Hers),5535,22222
Вишневец (Тр),Vishnevets (Trnp),3550,-
Вишневое (Кв),Vishnevoe (Kiev),4498,52222
Владимир-Волынский (Вл),Vladimir-Volynskiij (Voln),3342,22222
Владимирец (Рв),Vladimirets (Rvn),3634,25555
Власовка (Крв),Vlasovka (Krvg),5236,-
Вознесенск (Нк),Voznesensk (Nikv),5134,42222
Войнилов (ИФ),Voijnilov (IvFr),3472,-
Волковинцы (Хм),Volkovintsy (Hmln),3856,-
Волноваха (Днц),Volnovakha (Dnts),6244,42009
Воловец (Зкр),Volovets (Zkrp),3136,22222
Володарка (Кв),Volodarka (Kiev),4469,51222
Володарск-Волынский (Жт),Volodarsk-Volynskiij (Zhtm),4145,22222
Володарское (Днц),Volodarskoe (Dnts),6246,91000
Волочиск (Хм),Volochisk (Hmln),3845,21222
Волчанск (Хрк),Volchansk (Hrkv),5741,23411
Вольногорск (Днп),Volnogorsk (Dnpr),5653,22222
Вольнянск (Зп),Volnjansk (Zapr),6143,22222
Ворзель (Кв),Vorzel (Kiev),4497,-
Ворожба (См),Vorozhba (Sum),5443,-
Воронеж (См),Voronezh (Sum),5449,-
Вороновица (Вн),Voronovitsa (Vinn),432,-
Ворохта (ИФ),Vorokhta (IvFr),3434,-
Восход (Крм),Voskhod (Crim),654,-
Врадиевка (Нк),Vradievka (Nikv),5135,91222
Выгода (ИФ),Vygoda (IvFr),3477,-
Выжница (Чрц),Vyzhnitsa (Chrц),3730,21222
Вылок (Зкр),Vylok (Zkrp),3143,-
Высокий (Хрк),Vysokiij (Hrkv),572,-
Вышгород (Кв),Vyshgorod (Kiev),4496,52222
Гадяч (Пл),Gadjach (Polt),5354,23222
Гайворон (Крв),Gaijvoron (Krvg),5254,22222
Гайсин (Вн),Gaijsin (Vinn),4334,22222
Галич (ИФ),Galich (IvFr),3431,21222
Гаспра (Крм),Gaspra (Crim),654,-
Гвардейское (Крм),Gvardeijskoe (Crim),652,-
Гвоздец (ИФ),Gvozdets (IvFr),3433,-
Геническ (Хрс),Genichesk (Hers),5534,22222
Герца (Чрц),Gertsa (Chrц),3740,-
Глеваха (Кв),Glevakha (Kiev),4471,-
Глиняны (Лв),Glinjany (Lvv),3265,-
Глобино (Пл),Globino (Polt),5365,-
Глубокая (Чрц),Glubokaja (Chrnts),3734,22222
Глухов (См),Glukhov (Sum),5444,22515
Гнездичев (Лв),Gnezdichev (Lvv),3239,-
Гнивань (Вн),Gnivan (Vinn),4355,-
Гоголевое (Пл),Gogolevoe (Polt),5345,-
Голая Пристань (Хрс),Golaja Pristan (Hers),5539,26050
Голобы (Вл),Goloby (Voln),3352,-
Головановск (Крв),Golovanovsk (Krvg),5252,21444
Головиное (Жт),Golovinoe (Zhtm),4134,-
Головное (Вл),Golovnoe (Voln),3377,-
Голуба Затока (Крм),Goluba Zatoka (Crim),654,-
Горловка (Днц),Gorlovka (Dnts),6242,-
Горник (Днц),Gornik (Dnts),6237,-
Горник (Лв),Gornik (Lvv),3249,-
Горницкое (Днц),Gornitskoe (Dnц),6256,-
Горностаевка (Хрс),Gornostaevka (Hers),5544,41200
Городенка (ИФ),Gorodenka (IvFr),3430,22222
Городище (Чрк),Gorodische (Chrk),4734,22111
Городница (Жт),Gorodnitsa (Zhtm),4141,-
Городня (Чрг),Gorodnja (Chrng),4645,22222
Городок (Лв),Gorodok (Lvv),3231,91222
Городок (Хм),Gorodok (Hmln),3851,31222
Горохов (Вл),Gorokhov (Voln),3379,22222
Гостомель (Кв),Gostomel (Kiev),4497,-
Гоща (Рв),Goscha (Rvn),3650,22222
Градизк (Пл),Gradizk (Polt),5365,-
Гребенка (Пл),Grebenka (Polt),5359,90911
Гребенки (Кв),Grebenki (Kiev),4471,-
Гресевский (Крм),Gresevskiij (Crim),652,-
Грицов (Хм),Gritsov (Hmln),3840,-
Гришковцы (Жт),Grishkovtsy (Zhtm),4143,-
Гродевка (Днц),Grodevka (Dnts),6239,-
Грымайлов (Тр),Grymaijlov (Trnp),3557,-
Губиниха (Днп),Gubinikha (Dnpr),5612,-
Гуйва (Жт),Guijva (Zhtm),4122,-
Гуляйполе (Зп),Guljaijpole (Zapr),6145,42222
Гурзуф (Крм),Gurzuf (Crim),654,-
Гусятин (Тр),Gusjatin (Trnp),3557,22222
Гуты (Хрк),Guty (Hrkv),5758,-
Дашава (Лв),Dashava (Lvv),3245,-
Дашов (Вн),Dashov (Vinn),4345,-
Дворечная (Хрк),Dvorechnaja (Hrkv),5750,72222
Дворечье (Днц),Dvoreche (Dnts),6274,-
Дебальцевое (Днц),Debaltsevoe (Dnц),6249,22222
Делятин (ИФ),Deljatin (IvFr),3475,-
Демиевка (Рв),Demievka (Rvn),3637,-
Деражня (Хм),Derazhnja (Hmln),3856,91222
Дергачи (Хрк),Dergachi (Hrkv),5763,31097
Десна (Чрг),Desna (Chrng),4646,-
Джанкой (Крм),Dzhankoij (Crim),6564,32222
Дзержинск (Днц),Dzerzhinsk (Dnts),6247,32209
Дзержинск (Жт),Dzerzhinsk (Zhtm),4146,91222
Диброва (Жт),Dibrova (Zhtm),4135,-
Дигтяри (Чрг),Digtjari (Chrng),4639,-
Диканька (Пл),Dikanka (Polt),5351,91255
Димитров (Днц),Dimitrov (Dnts),6239,-
Димитрово (Крв),Dimitrovo (Krvg),5235,-
Дмитриевка (Чрг),Dmitrievka (Chrng),4635,-
Днепродзержинск (Днп),Dneprodzerzhinsk (Dnpr),5692,39226
Днепропетровск,Dnepropetrovsk,056”2”,9909111
Днепрорудное (Зп),Dneprorudnoe (Zapr),6175,62222
Добровеличковка (Крв),Dobrovelichkovka (Krvg),5253,21222
Добромыль (Лв),Dobromyl (Lvv),3238,-
Доброполье (Днц),Dobropole (Dnts),6277,22111
Добротвир (Лв),Dobrotvir (Lvv),3254,-
Добрянка (Чрг),Dobrjanka (Chrng),4641,-
Довбыш (Жт),Dovbysh (Zhtm),4144,-
Довгое (Зкр),Dovgoe (Zkrp),3144,-
Докучаевск (Днц),Dokuchaevsk (Dnts),6275,-
Долина (ИФ),Dolina (IvFr),3477,22222
Долинская (Крв),Dolinskaja (Krvg),5234,22222
Домановка (Нк),Domanovka (Nikv),5152,91222
Донецк,Donetsk,062”2”,922222
Дослидницкое (Кв),Doslidnitskoe (Kiev),4471,-
Драбов (Чрк),Drabov (Chrk),4738,22222
Дробишевое (Днц),Drobishevoe (Dnts),6261,-
Дрогобич (Лв),Drogobich (Lvv),3244,22222
Дружба (Жт),Druzhba (Zhtm),4135,-
Дружба (См),Druzhba (Sum),5456,-
Дружба (Чрг),Druzhba (Chrng),4633,-
Дружковка (Днц),Druzhkovka (Dnts),6267,42222
Дружное (Днц),Druzhnoe (Dnts),6252,-
Дубляны (Лв),Dubljany (Lvv),3252,-
Дубляны (Лв),Dubljany (Lvv),3236,-
Дубно (Рв),Dubno (Rvn),3656,22222
Дубовое (Зкр),Dubovoe (Zkrp),3134,-
Дубовязовка (См),Dubovjazovka (Sum),5447,-
Дубровица (Рв),Dubrovitsa (Rvn),3658,22222
Дунаевцы (Хм),Dunaevtsy (Hmln),3858,22222
Дымер (Кв),Dymer (Kiev),4496,-
Евпатория (Крм),Evpatorija (Crim),6569,22222
Еланец (Нк),Elanets (Nikv),5159,91200
Елизаветградка (Крв),Elizavetgradka (Krvg),5242,-
Емельчиное (Жт),Emelchinoe (Zhtm),41494,2222
Енакиево (Днц),Enakievo (Dnts),6252,9111
Жашков (Чрк),Zhashkov (Chrk),4747,22222
Жвирка (Лв),Zhvirka (Lvv),3257,-
Жденевое (Зкр),Zhdenevoe (Zkrp),3136,-
Жидачов (Лв),Zhidachov (Lvv),3239,31222
Житомир,Zhitomir,041”2”,9909111
Жмеринка (Вн),Zhmerinka (Vinn),4332,20499
Жовква (Лв),Zhovkva (Lvv),3252,21222
Жовтень (ИФ),Zhovten (IvFr),3436,-
Жовтневое (Вл),Zhovtnevoe (Voln),3344,-
Жовтневое (Жт),Zhovtnevoe (Zhtm),4161,-
Жолтые Воды (Днп),Zholtye Vody (Dnpr),5652,33555
Журавное (Лв),Zhuravnoe (Lvv),3239,-
Заболотов (ИФ),Zabolotov (IvFr),3476,-
Заболотье (Вл),Zabolote (Voln),3366,-
Завалье (Крв),Zavale (Krvg),5254,-
Зайцево (Днц),Zaijtsevo (Dnц),6242,-
Закупное (Хм),Zakupnoe (Hmln),3859,-
Залесное (Днц),Zalesnoe (Dnts),6256,-
Залещики (Тр),Zaleschiki (Trnp),3554,22222
Зализничное (Зп),Zaliznichnoe (Zapr),6145,-
Заложцы (Тр),Zalozhtsy (Trnp),3540,-
Замглай (Чрг),Zamglaij (Chrng),4641,-
Заозерное (Крм),Zaozernoe (Crim),6569,-
Запорожье,Zaporozhe,061”2” 061”22”,9909111
Заречное (Рв),Zarechnoe (Rvn),3632,22222
Заставная (Чрц),Zastavnaja (Chrnts),3737,22222
Затока (Од),Zatoka (Odss),4849,-
Зачепиловка (Хрк),Zachepilovka (Hrkv),5761,51222
Збараж (Тр),Zbarazh (Trnp),3550,22222
Зборов (Тр),Zborov (Trnp),3540,21222
Звенигородка (Чрк),Zvenigorodka (Chrk),4740,22222
Згуровка (Кв),Zgurovka (Kiev),4470,52222
Здолбунов (Рв),Zdolbunov (Rvn),36522,2222
Зеленогорское (Од),Zelenogorskoe (Odss),4864,-
Зеленодольск (Днп),Zelenodolsk (Dnpr),5655,-
Зидьки (Хрк),Zidki (Hrkv),5747,32222
Зимогорье (Лг),Zimogore (Lug),6473,-
Зиньков (Пл),Zinkov (Polt),5353,31208
Змеев (Хрк),Zmeev (Hrkv),5747,33321
Знаменка (Крв),Znamenka (Krvg),5233,52222
Зноб-Новгородское (См),Znob-Novgorodskoe (Sum),5451,-
Золотники (Тр),Zolotniki (Trnp),3551,-
Золотой Поток (Тр),Zolotoij Potok (Trnp),3544,-
Золотоноша (Чрк),Zolotonosha (Chrk),4737,22222
Золочев (Лв),Zolochev (Lvv),3265,42222
Золочев (Хрк),Zolochev (Hrkv),5764,50009
Зуя (Крм),Zuja (Crim),6559,-
Иванков (Кв),Ivankov (Kiev),4491,51332
Ивановка (Од),Ivanovka (Odss),4854,31292
Ивановка (Хрс),Ivanovka (Hers),5531,31222
Иванополь (Жт),Ivanopol (Zhtm),4139,-
Ивано-Франковое (Лв),Ivano-Frankovoe (Lvv),3259,-
Ивано-Франковск,Ivano-Frankovsk,"034 034""22""",22222
Иванычи (Вл),Ivanychi (Voln),3372,21222
Изварино (Лг),Izvarino (Lug),6435,-
Измаил (Од),Izmail (Odss),4841,22222
Изюм (Хрк),Izjum (Hrkv),5743,22222
Изяслав (Хм),Izjaslav (Hmln),3852,52222
Иловайск (Днц),Ilovaijsk (Dnts),6257,-
Ильинцы (Вн),Ilintsy (Vinn),4345,21222
Ильичевск (Од),Ilichevsk (Odss),4868,-
Ильница (Зкр),Ilnitsa (Zkrp),3144,-
Ирдынь (Чрк),Irdyn (Chrk),4722,-
Ирпень (Кв),Irpen (Kiev),4497,52222
Иршава (Зкр),Irshava (Zkrp),3144,22222
Иршанск (Жт),Irshansk (Zhtm),4145,-
Ичня (Чрг),Ichnja (Chrng),4633,22222
Кагарлык (Кв),Kagarlyk (Kiev),4473,51332
Казанка (Нк),Kazanka (Nikv),5164,91222
Каланчак (Хрс),Kalanchak (Hers),5530,22222
Калининское (Хрс),Kalininskoe (Hers),5532,-
Калиновка (Кв),Kalinovka (Kiev),4471,-
Калиновка (Вн),Kalinovka (Vinn),4333,22222
Калита (Кв),Kalita (Kiev),4494,-
Калуш (ИФ),Kalush (IvFr),3472,22222
Каменец-Подольський (Хм),Kamenets-Podolskiij (Hmln),3849,22222
Каменка (Чрк),Kamenka (Chrk),4732,22222
Каменка-Бужская (Лв),Kamenka-Buzhskaja (Lvv),3254,51222
Каменка-Днепровская (Зп),Kamenka-Dneprovskaja (Zapr),6138,22222
Каменный Брод (Жт),Kamennyij Brod (Zhtm),4144,-
Камень-Каширский (Вл),Kamen-Kashirskiij (Voln),3357,22222
Канев (Чрк),Kanev (Chrk),4736,42222
Капитановка (Крв),Kapitanovka (Krvg),5256,-
Карловка (Пл),Karlovka (Polt),5346,0
Карло-Либкнехтовск (Днц),Karlo-Libknekhtovsk (Dnts),6274,-
Карноуховка (Днп),Karnoukhovka (Dnpr),5692,-
Катеринополь (Чрк),Katerinopol (Chrk),4742,22222
Каховка (Хрс),Kakhovka (Hers),5536,22222
Кацевели (Крм),Katseveli (Crim),654,-
Кача (Крм),Kacha (Crim),692,-
Квасилов (Рв),Kvasilov (Rvn),362,-
Кегичевка (Хрк),Kegichevka (Hrkv),5755,21222
Кельменцы (Чрц),Kelmentsy (Chrц),3732,22222
Керамик (Днц),Keramik (Dnts),6236,-
Керчь (Крм),Kerch (Crim),6561,-
Киверцы (Вл),Kivertsy (Voln),3365,21222
Кившаровка (Хрк),Kivsharovka (Hrkv),5742,-
Киев,Kiev,44,9909111
Килия (Од),Kilija (Odss),4843,22222
Кириковка (См),Kirikovka (Sum),5457,-
Кирилловка (Зп),Kirillovka (Zapr),6131,-
Кирнасовка (Вн),Kirnasovka (Vinn),4335,-
Кировоград,Kirovograd,052”2”,242222
Кировск (Днц),Kirovsk (Dnts),6261,-
Кировск (Лг),Kirovsk (Lug),6446,9111
Кировское (Днп),Kirovskoe (Dnpr),562,-
Кировское (Днц),Kirovskoe (Dnts),6250,-
Кировское (Крм),Kirovskoe (Crim),6555,32222
Кицмань (Чрц),Kitsman (Chrц),3736,92222
Клавдиево-Тарасовое (Кв),Klavdievo-Tarasovoe (Kiev),4477,-
Клевань (Рв),Klevan (Rvn),362,-
Клесов (Рв),Klesov (Rvn),36552,-
Кобеляки (Пл),Kobeljaki (Polt),5343,9111
Ковель (Вл),Kovel (Voln),3352,21222
Ковьяги (Хрк),Kovjagi (Hrkv),5753,-
Кодра (Кв),Kodra (Kiev),4478,-
Кодыма (Од),Kodyma (Odss),4867,21060
Козачья Лопань (Хрк),Kozachja Lopan (Hrkv),5763,-
Козелец (Чрг),Kozelets (Chrng),4646,22222
Козельщина (Пл),Kozelschina (Polt),5342,91145
Козин (Кв),Kozin (Kiev),4472,-
Козлов (Тр),Kozlov (Trnp),3547,21222
Козова (Тр),Kozova (Trnp),3547,21222
Козятин (Вн),Kozjatin (Vinn),4342,22222
Коктебель (Крм),Koktebel (Crim),6562,0
Колки (Вл),Kolki (Voln),3376,-
Коломак (Хрк),Kolomak (Hrkv),5766,-
Коломыя (ИФ),Kolomyja (IvFr),3433,21818
Комарное (Лв),Komarnoe (Lvv),3231,-
Коминтерновское (Од),Kominternovskoe (Odss),4855,91222
Комиш-Заря (Зп),Komish-Zarja (Zapr),6147,-
Комишня (Пл),Komishnja (Polt),5355,-
Комишуваха (Днц),Komishuvakha (Dnts),6264,-
Комишуваха (Зп),Komishuvakha (Zapr),6141,-
Компанеевка (Крв),Kompaneevka (Krvg),5240,91222
Комсомольское (Днц),Komsomolskoe (Dnts),6253,-
Комсомольское (Хрк),Komsomolskoe (Hrkv),5747,-
Комсомольськ (Пл),Komsomolsk (Polt),5348,22222
Конотоп (См),Konotop (Sum),5447,42222
Копайгород (Вн),Kopaijgorod (Vinn),4341,-
Копичинцы (Тр),Kopichintsy (Trnp),3557,-
Кореиз (Крм),Koreiz (Crim),654,-
Корец (Рв),Korets (Rvn),3651,22222
Корнин (Жт),Kornin (Zhtm),4137,-
Короп (Чрг),Korop (Chrng),4656,22222
Коропец (Тр),Koropets (Trnp),3555,-
Коростень (Жт),Korosten (Zhtm),4142,42222
Коростышев (Жт),Korostyshev (Zhtm),4130,33222
Коротич (Хрк),Korotich (Hrkv),572,-
Корсунь-Шевченковский (Чрк),Korsun-Shevchenkovskiij (Chrk),4735,22222
Корюковка (Чрг),Korjukovka (Chrng),4657,22222
Коса (Зп),Kosa (Zapr),6153,-
Косов (ИФ),Kosov (IvFr),3478,22222
Костантиновка (Хрк),Kostantinovka (Hrkv),5756,-
Костополь (Рв),Kostopol (Rvn),3657,21222
Кострижевка (Чрц),Kostrizhevka (Chrnts),3737,-
Костянтиновка (Днц),Kostjantinovka (Dnts),6272,22222
Котельва (Пл),Kotelva (Polt),5350,91157
Котовск (Од),Kotovsk (Odss),4862,22225
Коцюбинское (Кв),Kotsjubinskoe (Kiev),4497,-
Кочеток (Хрк),Kochetok (Hrkv),5746,-
Краковец (Лв),Krakovets (Lvv),3259,-
Краматорск (Днц),Kramatorsk (Dnts),6264,72222
Красилов (Хм),Krasilov (Hmln),3855,22222
Красноармейск (Днц),Krasnoarmeijsk (Dnts),6239,22222
Красногвардейское (Крм),Krasnogvardeijskoe (Crim),6556,22422
Красногоровка (Днц),Krasnogorovka (Dnts),6278,-
Красноград (Хрк),Krasnograd (Hrkv),5744,73333
Краснодон (Лг),Krasnodon (Lug),6435,22222
Красное (Лв),Krasnoe (Lvv),3264,-
Красноельск (Чрц),Krasnoelsk (Chrnts),3735,-
Краснокаменка (Крм),Krasnokamenka (Crim),654,-
Краснокутск (Хрк),Krasnokutsk (Hrkv),5756,91444
Краснопавловка (Хрк),Krasnopavlovka (Hrkv),5745,-
Красноперекопск (Крм),Krasnoperekopsk (Crim),6565,22222
Краснополье (См),Krasnopole (Sum),5459,51515
Красноторка (Днц),Krasnotorka (Dnts),6264,-
Красные Окны (Од),Krasnye Okny (Odss),4861,22222
Красный Кут (Лг),Krasnyij Kut (Lug),6431,-
Красный Лиман (Днц),Krasnyij Liman (Dnts),6261,22222
Красный Луч (Лг),Krasnyij Luch (Lug),6432,22222
Красятичи (Кв),Krasjatichi (Kiev),4492,51490
Кременец (Тр),Kremenets (Trnp),3546,22222
Кременная (Лг),Kremennaja (Lug),6454,32222
Кременчуг (Пл),Kremenchug (Polt),5366,22222
Кривое Озеро (Нк),Krivoe Ozero (Nikv),5133,91222
Кривой Рог (Днп),Krivoij Rog (Dnpr),564,292222
Крижополь (Вн),Krizhopol (Vinn),4340,22222
Кролевец (См),Krolevets (Sum),5453,51292
Крынычки (Днп),Krynychki (Dnpr),5617,22233
Кудрявцовка (Нк),Kudrjavtsovka (Nikv),5163,-
Кузнецовск (Рв),Kuznetsovsk (Rvn),3636,22222
Куйбышевое (Зп),Kuijbyshevoe (Zapr),6147,22222
Куйбышевое (Крм),Kuijbyshevoe (Crim),6554,-
Кулебовка (Днп),Kulebovka (Dnpr),5612,-
Куликов (Лв),Kulikov (Lvv),3252,-
Куликовка (Чрг),Kulikovka (Chrng),4643,22222
Кулиничи (Хрк),Kulinichi (Hrkv),572,-
Купянск (Хрк),Kupjansk (Hrkv),5742,53151
Кураховка (Днц),Kurakhovka (Dnts),6237,-
Кураховое (Днц),Kurakhovoe (Dnts),6278,-
Курортное (Крм),Kurortnoe (Crim),6566,-
Курпаты (Крм),Kurpaty (Crim),654,-
Куты (ИФ),Kuty (IvFr),3478,-
Кушугум (Зп),Kushugum (Zapr),612,-
Ладан (Чрг),Ladan (Chrng),4637,-
Ладыжин (Вн),Ladyzhin (Vinn),4343,-
Лазурное (Хрс),Lazurnoe (Hers),5537,-
Ланивцы (Тр),Lanivtsy (Trnp),3549,21222
Ланчин (ИФ),Lanchin (IvFr),3475,-
Лебедин (См),Lebedin (Sum),5445,22515
Лениное (Крм),Leninoe (Crim),6557,60222
Летин (Вн),Letin (Vinn),4347,21222
Летичев (Хм),Letichev (Hmln),3857,91222
Ливадия (Крм),Livadija (Crim),654,-
Лиман (Хрк),Liman (Hrkv),5747,-
Лиманское (Од),Limanskoe (Odss),4853,-
Линовица (Чрг),Linovitsa (Chrng),4637,-
Липовая Долина (См),Lipovaja Dolina (Sum),5452,52222
Липовец (Вн),Lipovets (Vinn),4358,21222
Лисец (ИФ),Lisets (IvFr),3436,-
Лисичанск (Лг),Lisichansk (Lug),6451,22222
Лисянка (Чрк),Lisjanka (Chrk),4749,22222
Лозно-Олександровка (Лг),Lozno-Oleksandrovka (Lug),6462,-
Лозовая (Хрк),Lozovaja (Hrkv),5745,22116
Лозовое (Хм),Lozovoe (Hmln),3856,-
Локачи (Вл),Lokachi (Voln),3374,21222
Ломуватка (Лг),Lomuvatka (Lug),6443,-
Лопатин (Лв),Lopatin (Lvv),3255,-
Лосиновка (Чрг),Losinovka (Chrng),4631,-
Лохвица (Пл),Lokhvitsa (Polt),5356,31571
Лубны (Пл),Lubny (Polt),53615,2222
Луганск,Lugansk,064”2”,9909111
Лугины (Жт),Luginy (Zhtm),4161,91222
Лужаны (Чрц),Luzhany (Chrnts),3736,-
Луков (Вл),Lukov (Voln),3363,-
Лутугино (Лг),Lutugino (Lug),6436,92222
Луцк,Lutsk,033”22”,42222
Львов,Lvov,032”2”,9909111
Любар (Жт),Ljubar (Zhtm),4147,22222
Любашовка (Од),Ljubashovka (Odss),4864,46222
Любеч (Чрг),Ljubech (Chrng),4641,-
Любешов (Вл),Ljubeshov (Voln),3362,21222
Любомль (Вл),Ljuboml (Voln),3377,21222
Люботин (Хрк),Ljubotin (Hrkv),572,-
Магдалиновка (Днп),Magdalinovka (Dnpr),5611,91356
Магеров (Лв),Magerov (Lvv),3252,-
Макаров (Кв),Makarov (Kiev),4478,51332
Макеевка (Днц),Makeevka (Dnts),6232,62222
Макошино (Чрг),Makoshino (Chrng),4644,-
Малая Виска (Крв),Malaja Viska (Krvg),5258,22227
Малая Даниловка (Хрк),Malaja Danilovka (Hrkv),5763,-
Малая Девица (Чрг),Malaja Devitsa (Chrng),4637,-
Малин (Жт),Malin (Zhtm),4133,52222
Малиновка (Хрк),Malinovka (Hrkv),5746,-
Малокатериновка (Зп),Malokaterinovka (Zapr),612,-
Малотарановка (Днц),Malotaranovka (Dnts),6264,-
Мангуш (Днц),Mangush (Dnts),6297,22222
Манченки (Хрк),Manchenki (Hrkv),572,-
Маньковка (Чрк),Mankovka (Chrk),4748,22222
Марганец (Днп),Marganets (Dnpr),5665,22221
Мариуполь (Днц),Mariupol (Dnts),629,332222
Марковка (Лг),Markovka (Lug),6464,91272
Марьянка (Днц),Marjanka (Dnts),6278,52222
Марьяновка (Вл),Marjanovka (Voln),3379,-
Марьяновка (Жт),Marjanovka (Zhtm),4144,-
Масандра (Крм),Masandra (Crim),654,-
Машевка (Пл),Mashevka (Polt),5364,91309
Меденица (Лв),Medenitsa (Lvv),3244,-
Меджибеж (Хм),Medzhibezh (Hmln),3857,-
Межгорье (Зкр),Mezhgore (Zkrp),3146,91465
Межова (Днп),Mezhova (Dnpr),5630,91021
Мелитополь (Зп),Melitopol (Zapr),6142,61320
Мельница-Подольськая (Тр),Melnitsa-Podolskaja (Trnp),3541,-
Мена (Чрг),Mena (Chrng),4644,22222
Мерефа (Хрк),Merefa (Hrkv),572,-
Мизоч (Рв),Mizoch (Rvn),3652,-
Микулинцы (Тр),Mikulintsy (Trnp),3551,-
Милово (Лг),Milovo (Lug),6465,-
Миргород (Пл),Mirgorod (Polt),5355,53142
Мирное (Днц),Mirnoe (Dnts),6299,-
Мирное (Хрс),Mirnoe (Hers),5530,-
Мироновка (Кв),Mironovka (Kiev),4474,51332
Мирополь (Жт),Miropol (Zhtm),4146,-
Михайловка (Зп),Mikhaijlovka (Zapr),6132,91222
Михайло-Коцюбинское (Чрг),Mikhaijlo-Kotsjubinskoe (Chrng),4622,-
Млынов (Рв),Mlynov (Rvn),3659,22222
Могилев-Подольський (Вн),Mogilev-Podolskiij (Vinn),4337,22222
Молодежное (Крв),Molodezhnoe (Krvg),5234,-
Молодежное (Крм),Molodezhnoe (Crim),652,-
Монастырище (Чрк),Monastyrische (Chrk),4746,22222
Монастырьская (Тр),Monastyrskaja (Trnp),3555,21222
Моршин (Лв),Morshin (Lvv),32606,4222
Моспино (Днц),Mospino (Dnts),622,-
Мостиская (Лв),Mostiskaja (Lvv),3234,41592
Мукачево (Зкр),Mukachevo (Zkrp),3131,42222
Мурованные Курылевцы (Вн),Murovannye Kurylevtsy (Vinn),4356,21222
Надворная (ИФ),Nadvornaja (IvFr),3475,22222
Народычи (Жт),Narodychi (Zhtm),4140,92222
Недригайлов (См),Nedrigaijlov (Sum),5455,51222
Нежин (Чрг),Nezhin (Chrng),4631,23300
Немиров (Вн),Nemirov (Vinn),4331,22222
Немиров (Лв),Nemirov (Lvv),3259,-
Немишаєво (Кв),Nemishaєvo (Kiev),4477,-
Неполоковцы (Чрц),Nepolokovtsy (Chrц),3736,-
Нетешин (Хм),Neteshin (Hmln),3848,32222
Нижанковичи (Лв),Nizhankovichi (Lvv),3238,-
Нижнегорский (Крм),Nizhnegorskiij (Crim),6550,21222
Нижние Ворота (Зкр),Nizhnie Vorota (Zkrp),3136,-
Нижние Сирогозы (Хрс),Nizhnie Sirogozy (Hers),5540,22222
Нижняя Дуванка (Лг),Nizhnjaja Duvanka (Lug),6471,-
Нижняя Крынка (Днц),Nizhnjaja Krynka (Dnts),6232,-
Низы (См),Nizy (Sum),542,-
Никитовка (Днц),Nikitovka (Dnts),6242,-
Никифорово (Днц),Nikiforovo (Dnts),6256,-
Николаев,Nikolaev,051”2”,351555
Николаев (Лв),Nikolaev (Lvv),3241,31222
Николаевка (Од),Nikolaevka (Odss),4857,22222
Николаевка (Днц),Nikolaevka (Dnts),6262,-
Николаевка (Днп),Nikolaevka (Dnpr),5657,-
Никополь (Днп),Nikopol (Dnpr),5662,17223
Новая Боровая (Жт),Novaja Borovaja (Zhtm),4145,-
Новая Водолага (Хрк),Novaja Vodolaga (Hrkv),5740,22222
Новая Галещина (Пл),Novaja Galeschina (Polt),5342,-
Новая Каховка (Хрс),Novaja Kakhovka (Hers),5549,22222
Новая Маячка (Хрс),Novaja Majachka (Hers),5542,-
Новая Одесса (Нк),Novaja Odessa (Nikv),5167,91222
Новая Прага (Крв),Novaja Praga (Krvg),5235,-
Новая Ушица (Хм),Novaja Ushitsa (Hmln),3847,21222
Новгородка (Крв),Novgorodka (Krvg),5241,91222
Новгород-Сиверский (Чрг),Novgorod-Siverskiij (Chrng),4658,22222
Новгородское (Днц),Novgorodskoe (Dnts),6247,-
Новоазовск (Днц),Novoazovsk (Dnts),6296,21238
Новоалексеевка (Хрс),Novoalekseevka (Hers),5534,-
Новоархангельск (Крв),Novoarkhangelsk (Krvg),5255,21222
Нововасиловка (Зп),Novovasilovka (Zapr),6133,-
Нововолынск (Вл),Novovolynsk (Voln),3344,32222
Нововоронцовка (Хрс),Novovorontsovka (Hers),5533,22222
Новоград-Волынский (Жт),Novograd-Volynskiij (Zhtm),4141,52222
Новогуйвинское (Жт),Novoguijvinskoe (Zhtm),4122,-
Новоднестровск (Чрц),Novodnestrovsk (Chrnts),3741,-
Новое Село (Тр),Novoe Selo (Trnp),3543,-
Новомиргород (Крв),Novomirgorod (Krvg),5256,22222
Новомосковск (Днп),Novomoskovsk (Dnpr),5612,22222
НовоНкка (Днп),NovoNkka (Dnpr),5618,-
НовоНкка (Зп),NovoNkka (Zapr),6144,22222
Новоозерное (Крм),Novoozernoe (Crim),6569,-
Новоозерянка (Жт),Novoozerjanka (Zhtm),4135,-
Новооржицкое (Пл),Novoorzhitskoe (Polt),5357,-
Новопокровка (Хрк),Novopokrovka (Hrkv),5746,-
Новопсков (Лг),Novopskov (Lug),6463,91474
Новоселевское (Крм),Novoselevskoe (Crim),6553,-
Новоселица (Чрц),Novoselitsa (Chrц),3733,22222
Новотроицкое (Днц),Novotroitskoe (Dnц),6244,-
Новотроицкое (Хрс),Novotroitskoe (Hers),5548,22222
Новоукраинка (Крв),Novoukrainka (Krvg),5251,22222
Новояворивское (Лв),Novojavorivskoe (Lvv),3256,40209
Новые Белокоровичи (Жт),Novye Belokorovichi (Zhtm),4135,-
Новые Беляры (Од),Novye Beljary (Odss),482,-
Новые Санжары (Пл),Novye Sanzhary (Polt),5344,9111
Новые Стрелища (Лв),Novye Strelischa (Lvv),3239,-
Новый Айдар (Лг),Novyij Aijdar (Lug),6445,92222
Новый Буг (Нк),Novyij Bug (Nikv),5151,91222
Новый Быков (Чрг),Novyij Bykov (Chrng),4632,-
Новый Роздол (Лв),Novyij Rozdol (Lvv),3261,-
Новый Свет (Днц),Novyij Svet (Dnts),6253,-
Новый Свет (Крм),Novyij Svet (Crim),6566,-
Новый Ярычов (Лв),Novyij Jarychov (Lvv),3254,-
Носовка (Чрг),Nosovka (Chrng),4642,22222
Обухов (Кв),Obukhov (Kiev),4472,9111
Овидиополь (Од),Ovidiopol (Odss),4851,31140
Овруч (Жт),Ovruch (Zhtm),41483,2222
Одесса,Odessa,048”2”,222222
Октябрьское (Крм),Oktjabrskoe (Crim),6556,-
Олевск (Жт),Olevsk (Zhtm),4135,21222
Оленевка (Днц),Olenevka (Dnts),6244,-
Олесько (Лв),Olesko (Lvv),3264,-
Олика (Вл),Olika (Voln),3365,-
Олишовка (Чрг),Olishovka (Chrng),4622,-
Ольгинка (Днц),Olginka (Dnts),6244,-
Ольшанское (Нк),Olshanskoe (Nikv),512,-
Онуфриевка (Крв),Onufrievka (Krvg),5238,91444
Опешня (Пл),Opeshnja (Polt),5353,-
Оратов (Вн),Oratov (Vinn),4330,21222
Орджоникидзе (Днп),Ordzhonikidze (Dnpr),5667,44444
Орджоникидзе (Крм),Ordzhonikidze (Crim),6562,-
Ореанда (Крм),Oreanda (Crim),654,-
Орелька (Хрк),Orelka (Hrkv),5745,-
Орехов (Зп),Orekhov (Zapr),6141,33222
Оржица (Пл),Orzhitsa (Polt),5357,91401
Оржов (Рв),Orzhov (Rvn),362,-
Остер (Чрг),Oster (Chrng),4646,-
Острог (Рв),Ostrog (Rvn),3654,22222
Отрадное (Крм),Otradnoe (Crim),654,-
Отыня (ИФ),Otynja (IvFr),3433,-
Охтырка (См),Okhtyrka (Sum),5446,22515
Очаков (Нк),Ochakov (Nikv),5154,22222
Очеретино (Днц),Ocheretino (Dnts),6236,-
Павлоград (Днп),Pavlograd (Dnpr),5632,62222
Павлыш (Крв),Pavlysh (Krvg),5238,-
Пантаивка (Крв),Pantaivka (Krvg),5235,-
Панютино (Хрк),Panjutino (Hrkv),5745,-
Парафиевка (Чрг),Parafievka (Chrng),4633,-
Парковое (Крм),Parkovoe (Crim),654,-
Партенит (Крм),Partenit (Crim),6560,-
Партизаны (Хрс),Partizany (Hers),5534,-
Первомайск (Лг),Pervomaijsk (Lug),6455,62222
Первомайск (Нк),Pervomaijsk (Nikv),5161,42222
Первомайск (Днп),Pervomaijsk (Dnpr),5633,-
Первомайск (Жт),Pervomaijsk (Zhtm),4144,-
Первомайский (Хрк),Pervomaijskiij (Hrkv),5748,22222
Первомайское (Днц),Pervomaijskoe (Dnts),6256,-
Первомайское (Крм),Pervomaijskoe (Crim),6552,92222
Первомайское (Жт),Pervomaijskoe (Zhtm),4148,-
Первомайское (Рв),Pervomaijskoe (Rvn),3653,-
Перевальск (Лг),Perevalsk (Lug),6441,50000
Перегинское (ИФ),Pereginskoe (IvFr),3474,-
Перемышляны (Лв),Peremyshljany (Lvv),3263,21701
Пересечная (Хрк),Peresechnaja (Hrkv),5763,-
Перечин (Зкр),Perechin (Zkrp),3145,22222
Перещепино (Днп),Pereschepino (Dnpr),5612,-
Переяслав-Хм (Кв),Perejaslav-Khm (Kiev),4467,52222
Перновое (Кв),Pernovoe (Kiev),4496,-
Песочин (Хрк),Pesochin (Hrkv),572,-
Петриковка (Днп),Petrikovka (Dnpr),5634,22222
Петрово (Крв),Petrovo (Krvg),5237,91444
Петропавловка (Днп),Petropavlovka (Dnpr),5631,22232
Печенеги (Хрк),Pechenegi (Hrkv),5765,-
Печенежин (ИФ),Pechenezhin (IvFr),3433,-
Пещанка (Вн),Peschanka (Vinn),4349,22222
Пидбуж (Лв),Pidbuzh (Lvv),3244,-
Пидволочиск (Тр),Pidvolochisk (Trnp),3543,22222
Пирятин (Пл),Pirjatin (Polt),5358,20008
Письменное (Днп),Pismennoe (Dnpr),5639,-
Побужское (Крв),Pobuzhskoe (Krvg),5252,-
Погребище (Вн),Pogrebische (Vinn),4346,22222
Подгайцы (Тр),Podgaijtsy (Trnp),3542,22222
Подгородное (Нк),Podgorodnoe (Nikv),5161,-
Подгородное (Днп),Podgorodnoe (Dnpr),562,-
Подкамень (Лв),Podkamen (Lvv),3266,-
Покотиловка (Хрк),Pokotilovka (Hrkv),572,-
Покровское (Днп),Pokrovskoe (Dnpr),5638,21222
Полевая (Хрк),Polevaja (Hrkv),5763,-
Полесское (Кв),Polesskoe (Kiev),4492,51351
Пологи (Зп),Pologi (Zapr),6165,22222
Полонное (Хм),Polonnoe (Hmln),3843,32223
Полтава,Poltava,053”2” 053”22”,22222
Поляна (Зкр),Poljana (Zkrp),3133,-
Полянка (Жт),Poljanka (Zhtm),4144,-
Поморяны (Лв),Pomorjany (Lvv),3265,-
Понизовка (Крм),Ponizovka (Crim),654,-
Понинка (Хм),Poninka (Hmln),3843,-
Понорница (Чрг),Ponornitsa (Chrng),4656,-
Попасная (Лг),Popasnaja (Lug),6474,20433
Попельня (Жт),Popelnja (Zhtm),41372,5222
Почаев (Тр),Pochaev (Trnp),3546,-
Почтовое (Крм),Pochtovoe (Crim),6554,-
Приазовское (Зп),Priazovskoe (Zapr),6133,32222
Приколотное (Хрк),Prikolotnoe (Hrkv),5752,-
Прилуки (Чрг),Priluki (Chrng),4637,30026
Приморск (Зп),Primorsk (Zapr),6137,72222
Приморский (Крм),Primorskiij (Crim),6562,-
Пришиб (Зп),Prishib (Zapr),6132,-
Приютовка (Крв),Prijutovka (Krvg),5235,-
Просяная (Днп),Prosjanaja (Dnpr),5638,-
Прудянка (Хрк),Prudjanka (Hrkv),5763,-
Пустомиты (Лв),Pustomity (Lvv),3230,41222
Путивль (См),Putivl (Sum),5442,91515
Путила (Чрц),Putila (Chrnts),3738,21222
Пятихатки (Днп),Pjatikhatki (Dnpr),56510,4207
Рава-Русская (Лв),Rava-Russkaja (Lvv),3252,-
Радехов (Лв),Radekhov (Lvv),3255,22292
Радивилов (Рв),Radivilov (Rvn),3633,42222
Радомишль (Жт),Radomishl (Zhtm),4132,42222
Радуль (Чрг),Radul (Chrng),4641,-
Раздельная (Од),Razdelnaja (Odss),4853,31292
Раздольное (Крм),Razdolnoe (Crim),6553,91222
Райгородок (Днц),Raijgorodok (Dnts),6262,-
Ратное (Вл),Ratnoe (Voln),3366,21222
Рахов (Зкр),Rakhov (Zkrp),3132,22222
Рени (Од),Reni (Odss),4840,22222
Репки (Чрг),Repki (Chrng),4641,22222
Решетиловка (Пл),Reshetilovka (Polt),5363,9111
Ржищев (Кв),Rzhischev (Kiev),4473,-
Ровеньки (Лг),Rovenki (Lug),6433,22222
Ровно,Rovno,036”2” 036”2”,22222
Рогань (Хрк),Rogan (Hrkv),572,-
Рогатин (ИФ),Rogatin (IvFr),3435,22222
Родинское (Днц),Rodinskoe (Dnts),6239,-
Рожище (Вл),Rozhische (Voln),3368,21222
Рожнятов (ИФ),Rozhnjatov (IvFr),3474,20222
Роздол (Лв),Rozdol (Lvv),3241,-
Розовка (Зп),Rozovka (Zapr),6162,52222
Рокитное (Кв),Rokitnoe (Kiev),4462,9111
Рокитное (Рв),Rokitnoe (Rvn),3635,22222
Ромны (См),Romny (Sum),5448,21515
Ромодан (Пл),Romodan (Polt),5355,-
Ротмистровка (Чрк),Rotmistrovka (Chrk),4733,-
Рубановка (Хрс),Rubanovka (Hers),55431,2222
Рубежное (Лг),Rubezhnoe (Lug),6453,-
Рудница (Вн),Rudnitsa (Vinn),4349,-
Рудное (Лв),Rudnoe (Lvv),322,-
Ружин (Жт),Ruzhin (Zhtm),4138,21222
Руская Поляна (Чрк),Ruskaja Poljana (Chrk),472,-
Савинцы (Хрк),Savintsy (Hrkv),5749,-
Саврань (Од),Savran (Odss),4865,31440121
Саки (Крм),Saki (Crim),6563,24222
Сальковое (Крв),Salkovoe (Krvg),5254,-
Самбор (Лв),Sambor (Lvv),3236,52222
Санаторное (Крм),Sanatornoe (Crim),654,-
Сарата (Од),Sarata (Odss),4848,22222
Сарны (Рв),Sarny (Rvn),3655,32222
Сатанов (Хм),Satanov (Hmln),3851,0
Сахновщина (Хрк),Sakhnovschina (Hrkv),5762,-
Свалява (Зкр),Svaljava (Zkrp),3133,22222
Сватовое (Лг),Svatovoe (Lug),6471,92222
Свердловск (Лг),Sverdlovsk (Lug),6434,22222
Свеса (См),Svesa (Sum),5456,-
Светловодск (Крв),Svetlovodsk (Krvg),5236,22222
Светлодарское (Днц),Svetlodarskoe (Dnts),6249,-
Севастополь (Крм),Sevastopol (Crim),069”2”,9909111
Северодонецк (Лг),Severodonetsk (Lug),6452,42222
Северск (Днц),Seversk (Dnts),6274,-
Седнов (Чрг),Sednov (Chrng),4622,-
Селидовое (Днц),Selidovoe (Dnts),6237,72222
Семеиз (Крм),Semeiz (Crim),654,-
Семеновка (Пл),Semenovka (Polt),5341,91190
Семеновка (Чрг),Semenovka (Chrng),4659,22222
Сенкевичевка (Вл),Senkevichevka (Voln),3379,-
Сергиевка (Од),Sergievka (Odss),4849,-
Середина-Буда (См),Seredina-Buda (Sum),5451,91799
Серпневое (Од),Serpnevoe (Odss),4847,-
Серябренное (Чрг),Serjabrennoe (Chrng),4639,22222
Сиванское (Хрс),Sivanskoe (Hers),5548,-
Симферополь (Крм),Simferopol (Crim),065”2”,9909111
Синельниковое (Днп),Sinelnikovoe (Dnpr),5615,42129
Ситковцы (Вн),Sitkovtsy (Vinn),4331,-
Скадовск (Хрс),Skadovsk (Hers),5537,22222
Скала-Подольская (Тр),Skala-Podolskaja (Trnp),3541,-
Скалат (Тр),Skalat (Trnp),3543,-
Сквира (Кв),Skvira (Kiev),4468,52292
Сколе (Лв),Skole (Lvv),3251,-
Славское (Лв),Slavskoe (Lvv),3251,-
Славута (Хм),Slavuta (Hmln),3842,22222
Славутич (Кв),Slavutich (Kiev),4479,24210
Славяногорск (Днц),Slavjanogorsk (Dnts),6262,-
Славяносербск (Лг),Slavjanoserbsk (Lug),6473,93000
Славянск (Днц),Slavjansk (Dnts),6262,21222
Слатиное (Хрк),Slatinoe (Hrkv),5763,-
Слободка (Од),Slobodka (Odss),4867,-
Смела (Чрк),Smela (Chrk),4733,40202
Смига (Рв),Smiga (Rvn),3656,-
Смотрич (Хм),Smotrich (Hmln),3858,-
Снегуровка (Нк),Snegurovka (Nikv),5162,21222
Снежное (Днц),Snezhnoe (Dnts),6256,55555
Снятин (ИФ),Snjatin (IvFr),3476,22222
Советский (Крм),Sovetskiij (Crim),6551,91222
Советское (Крм),Sovetskoe (Crim),654,-
Сокаль (Лв),Sokal (Lvv),3257,42222
Сокиряны (Чрц),Sokirjany (Chrnts),3739,22222
Солнечное (См),Solnechnoe (Sum),5446,-
Солоницовка (Хрк),Solonitsovka (Hrkv),5763,-
Солоное (Днп),Solonoe (Dnpr),5616,21655
Солотвин (ИФ),Solotvin (IvFr),3471,-
Солотвина (Зкр),Solotvina (Zkrp),3134,-
Сосница (Чрг),Sosnitsa (Chrng),4655,22222
Сосновое (Рв),Sosnovoe (Rvn),3653,-
Софиевка (Днп),Sofievka (Dnpr),5650,21222
Софиевка (Днц),Sofievka (Dnts),6264,-
Среднее (Зкр),Srednee (Zkrp),3122,-
Ставище (Кв),Stavische (Kiev),4464,51332
Станично-Луганское (Лг),Stanichno-Luganskoe (Lug),6472,21633
Старая Выжовка (Вл),Staraja Vyzhovka (Voln),3346,21222
Старая Синява (Хм),Staraja Sinjava (Hmln),3850,91222
Старая Соль (Лв),Staraja Sol (Lvv),3238,-
Старая Ушица (Хм),Staraja Ushitsa (Hmln),3849,-
Старобешевое (Днц),Starobeshevoe (Dnts),6253,22222
Старобольск (Лг),Starobolsk (Lug),6461,32212
Староконстантинов (Хм),Starokonstantinov (Hmln),3854,22222
Старый Крым (Крм),Staryij Krym (Crim),6555,-
Старый Мерчик (Хрк),Staryij Merchik (Hrkv),5753,-
Старый Салтов (Хрк),Staryij Saltov (Hrkv),5741,-
Старый Самбор (Лв),Staryij Sambor (Lvv),3238,21222
Стаханов (Лг),Stakhanov (Lug),6444,22222
Стеблов (Чрк),Steblov (Chrk),4735,-
Стебник (Лв),Stebnik (Lvv),3244,-
Степановка (См),Stepanovka (Sum),5422,-
Сторожинец (Чрц),Storozhinets (Chrц),3735,22222
Стрижавка (Вн),Strizhavka (Vinn),432,-
Стрий (Лв),Striij (Lvv),3245,52222
Суворово (Од),Suvorovo (Odss),4841,-
Судак (Крм),Sudak (Crim),6566,22222
Судовая Вишня (Лв),Sudovaja Vishnja (Lvv),3234,-
Сумы,Sumy,054”2”,222222
Сутиски (Вн),Sutiski (Vinn),4355,-
Сходница (Лв),Skhodnitsa (Lvv),3248,-
Таирово (Од),Tairovo (Odss),482,-
Талалаевка (Чрг),Talalaevka (Chrng),4634,22222
Тальное (Чрк),Talnoe (Chrk),4731,22222
Тараща (Кв),Tarascha (Kiev),4466,52222
Тарутино (Од),Tarutino (Odss),4847,31260
Татарбунары (Од),Tatarbunary (Odss),4844,32222
Тельманово (Днц),Telmanovo (Dnts),6279,21193
Теофиполь (Хм),Teofipol (Hmln),3844,32222
Теплик (Вн),Teplik (Vinn),4353,21222
Теплодар (Од),Teplodar (Odss),482,-
Теребовля (Тр),Terebovlja (Trnp),3551,22222
Тересва (Зкр),Teresva (Zkrp),3134,-
Терновка (Нк),Ternovka (Nikv),512,-
Тернополь,Ternopol,035”2”,9909111
Тернуватое (Зп),Ternuvatoe (Zapr),6144,-
Терны (См),Terny (Sum),5455,-
Тетиев (Кв),Tetiev (Kiev),4460,51351
Тивров (Вн),Tivrov (Vinn),4355,22222
Тисменница (ИФ),Tismennitsa (IvFr),3436,21222
Тлумач (ИФ),Tlumach (IvFr),3479,22222
Товстое (Тр),Tovstoe (Trnp),3554,-
Токмак (Зп),Tokmak (Zapr),6178,22222
Томаковка (Днп),Tomakovka (Dnpr),5668,22222
Томашполь (Вн),Tomashpol (Vinn),4348,22222
Торез (Днц),Torez (Dnts),6254,32222
Торчин (Вл),Torchin (Voln),3322,-
Троицкое (Лг),Troitskoe (Lug),6456,-
Тростянец (Вн),Trostjanets (Vinn),4343,61222
Тростянец (См),Trostjanets (Sum),5458,51515
Трускавец (Лв),Truskavets (Lvv),3247,52222
Тульчин (Вн),Tulchin (Vinn),4335,22222
Турбов (Вн),Turbov (Vinn),4358,-
Турейск (Вл),Tureijsk (Voln),3363,22222
Турка (Лв),Turka (Lvv),3269,41222
Турьи-Реметы (Зкр),Turi-Remety (Zkrp),3145,-
Тячев (Зкр),Tjachev (Zkrp),3134,22222
Углегорск (Днц),Uglegorsk (Dnts),6252,-
Угледар (Днц),Ugledar (Dnts),6273,-
Угроеды (ИФ),Ugroedy (IvFr),5459,-
Ужгород,Uzhgorod,031”2” 031”22”,32222
Узин (Кв),Uzin (Kiev),4463,-
Украинка (Кв),Ukrainka (Kiev),4472,-
Украинск (Днц),Ukrainsk (Dnts),6237,-
Уланов (Вн),Ulanov (Vinn),43388,-
Ульяновка (Крв),Uljanovka (Krvg),5259,21222
Ульяновка (См),Uljanovka (Sum),5443,-
Умань (Чрк),Uman (Chrk),4744,22222
Устилуг (Вл),Ustilug (Voln),3342,-
Устиновка (Крв),Ustinovka (Krvg),5239,41222
Утковка (Хрк),Utkovka (Hrkv),572,-
Фастов (Кв),Fastov (Kiev),4465,52222
Феодосия (Крм),Feodosija (Crim),6562,32222
Форос (Крм),Foros (Crim),654,-
Фрунзе (Лг),Frunze (Lug),6473,-
Фрунзовка (Од),Frunzovka (Odss),4860,91140
Харцизск (Днц),Khartsizsk (Dnц),6257,42111
Харьков,Kharkov,057”2”,322222
Херсон,Kherson,055”2”,222222
Хиров (Лв),Khirov (Lvv),3238,-
Хмельник (Вн),Khmelnik (Vinn),43388,2222
Хмельницкий,Khmelnitskiij,038”2”,22222
Ходоров (Лв),Khodorov (Lvv),3239,-
Холмы (Чрг),Kholmy (Chrng),4657,-
Хорол (Пл),Khorol (Polt),5362,91085
Хоростков (Тр),Khorostkov (Trnp),3557,-
Хорошево (Хрк),Khoroshevo (Hrkv),572,-
Хотин (Чрц),Khotin (Chrnts),37312,2222
Хотинь (См),Khotin (Sum),542,-
Христиновка (Чрк),Khristinovka (Chrk),4745,22222
Хуст (Зкр),Khust (Zkrp),31422,2222
Царичанка (Днп),Tsarichanka (Dnpr),5610,22889
Цебриковое (Од),Tsebrikovoe (Odss),4859,-
Цумань (Вл),Tsuman (Voln),3348,34100
Цюрупинск (Хрс),Tsjurupinsk (Hers),5542,22222
Чапаєво (Хрк),Chapaєvo (Hrkv),5755,-
Чаплинка (Хрс),Chaplinka (Hers),5538,22222
Чаплино (Днп),Chaplino (Dnpr),5639,-
Чемеревцы (Хм),Chemerevtsy (Hmln),3859,91109
Червоноармейск (Жт),Chervonoarmeijsk (Zhtm),4131,22222
Червоноград (Лв),Chervonograd (Lvv),3249,22222
Червоногригорьевка (Днп),Chervonogrigorevka (Dnpr),5662,-
Червоное (Жт),Chervonoe (Zhtm),4136,-
Червоное (См),Chervonoe (Sum),5444,-
Червонозаводское (Пл),Chervonozavodskoe (Polt),5356,-
Черкаское (Днц),Cherkaskoe (Dnts),6262,-
Черкасская Лозовая (Хрк),Cherkasskaja Lozovaja (Hrkv),5763,-
Черкассы,Cherkassy,047”2”,9909111
Чернелица (ИФ),Chernelitsa (IvFr),3430,-
Чернигов,Chernigov,046”2” 046”22”,9909111
Черниговка (Зп),Chernigovka (Zapr),6140,91222
Чернобай (Чрк),Chernobaij (Chrk),4739,22222
Чернобиль (Кв),Chernobil (Kiev),4493,51351
Черновцы,Chernovtsy,037”2” 037”22”,22222
Черноморское (Крм),Chernomorskoe (Crim),6558,-
Чернухи (Пл),Chernukhi (Polt),5340,9111
Черняхов (Жт),Chernjakhov (Zhtm),4134,21222
Чертков (Тр),Chertkov (Trnp),3552,22222
Чечельник (Вн),Chechelnik (Vinn),4351,22222
Чигирин (Чрк),Chigirin (Chrk),4730,22222
Чинадиево (Зкр),Chinadievo (Zkrp),3131,-
Чкаловское (Хрк),Chkalovskoe (Hrkv),5746,-
Чоп (Зкр),Chop (Zkrp),3137,71222
Чоповичи (Жт),Chopovichi (Zhtm),4133,-
Чорный Остров (Хм),Chornyij Ostrov (Hmln),3822,-
Чугуев (Хрк),Chuguev (Hrkv),5746,22068
Чуднов (Жт),Chudnov (Zhtm),4139,21222
Чупаховка (См),Chupakhovka (Sum),5446,-
Чутово (Пл),Chutovo (Polt),5347,91141
Шабельковка (Днц),Shabelkovka (Dnts),6264,-
Шалигино (См),Shaligino (Sum),5444,-
Шаргород (Вн),Shargorod (Vinn),4344,22222
Шаровка (Хрк),Sharovka (Hrkv),5758,-
Шахтерск (Днц),Shakhtersk (Dnts),6255,42222
Шацк (Вл),Shatsk (Voln),3355,23222
Шевченково (Хрк),Shevchenkovo (Hrkv),5751,51222
Шепетовка (Хм),Shepetovka (Hmln),3840,52222
Широкое (Днп),Shirokoe (Dnpr),5657,21222
Ширяево (Од),Shirjaevo (Odss),4858,92222
Шишаки (Пл),Shishaki (Polt),5352,91372
Шкло (Лв),Shklo (Lvv),3259,-
Шостка (См),Shostka (Sum),5449,22222
Шпиков (Вн),Shpikov (Vinn),4335,-
Шпола (Чрк),Shpola (Chrk),4741,22222
Шрамковка (Чрк),Shramkovka (Chrk),4738,-
Шумское (Тр),Shumskoe (Trnp),3558,22222
Щебетовка (Крм),Schebetovka (Crim),6566,-
Щирец (Лв),Schirets (Lvv),3230,-
Щолкино (Крм),Scholkino (Crim),6557,-
Щорс (Чрг),Schors (Chrng),4654,22222
Щорск (Днп),Schorsk (Dnpr),5617,-
Энергодар (Зп),Ehnergodar (Zapr),6139,-
Эсхар (Хрк),Ehskhar (Hrkv),5746,-
Южное (Хрк),Juzhnoe (Hrkv),572,-
Южное (Од),Juzhnoe (Odss),4842,-
Южнокомунаровск (Днц),Juzhnokomunarovsk (Dnts),6252,-
Южноукраинск (Нк),Juzhnoukrainsk (Nikv),5136,22222
Юрковка (Чрк),Jurkovka (Chrk),4740,-
Юрьевка (Днп),Jurevka (Dnpr),5635,-
Яблунец (Жт),Jablunets (Zhtm),4149,-
Яблунов (ИФ),Jablunov (IvFr),3478,-
Яворов (Лв),Javorov (Lvv),3259,22222
Яготин (Кв),Jagotin (Kiev),4475,53233
Якимовка (Зп),Jakimovka (Zapr),6131,91222
Ялта (Днц),Jalta (Dnts),6297,-
Ялта (Крм),Jalta (Crim),654,322222
Ямполь (Вн),Jampol (Vinn),4336,22222
Ямполь (См),Jampol (Sum),5456,21222
Ямполь (Хм),Jampol (Hmln),3841,-
Яремча (ИФ),Jaremcha (IvFr),3434,22222
Ярмолинцы (Хм),Jarmolintsy (Hmln),3853,21222
Ясиновка (Днц),Jasinovka (Dnts),6232,-
Ясинуватая (Днц),Jasinuvataja (Dnts),6236,21025
Ясная Поляна (Днц),Jasnaja Poljana (Dnts),6264,-
Ясногорка (Днц),Jasnogorka (Dnts),6264,-
Ясное (Хм),Jasnoe (Hmln),3845,-
Яхновцы (Хм),Jakhnovtsy (Hmln),3845,-
